Arg-Lys Ratio	Aliphatic Index	Aromaticity Index	Acidic Residue Proportion	GRAVY	Proline Residue Proportion
485447.8	0.441265175596492	89.2327496430877	0.108723172217813	0.115543564834551	-0.15245101336385	0.0384781845314442
137584.5	0.457945697068183	88.5765676674644	0.109239685051165	0.116228888499535	-0.162846166637911	0.0394608901972376
1742724.3	0.402531899258467	90.6654846109357	0.111329262642309	0.114851403230077	-0.135758042096902	0.0358121525019857
1763536.4	0.387305017098672	88.8777596381148	0.108892037867004	0.121525611869419	-0.162479048302702	0.0359459696875857
1763536.6	0.38701825922167	88.917429063164	0.108882225485647	0.12152468244688	-0.161260077853169	0.035916475714745
2552945.3	0.432238119843914	88.0727251608807	0.110732935076989	0.119908808669274	-0.150587052660284	0.0369711063723838
1856287.3	0.407387950072479	90.7222296976079	0.10822802187326	0.115500041946629	-0.117981661696627	0.0363515203746215
1535422.5	0.409514367544771	90.2894600598687	0.109038591126247	0.114464948886626	-0.117992799103136	0.0366201715765522
2594477.3	0.378145707866866	90.1886411157819	0.108417178864014	0.119474927444469	-0.12942349112606	0.0367150800299715
2572245.3	0.471586180199361	89.0858612713502	0.109975866867885	0.118455554115915	-0.141639393772738	0.0393559278112675
2594005.3	0.44518097246808	88.4589715562997	0.110174184640149	0.121714193943779	-0.160737848055467	0.0389931034991989
2020715.3	0.450019379487274	88.5041807920456	0.111329426849802	0.117912806359591	-0.152951857810424	0.0392120645917154
56799.5	0.390983157322673	90.5524499127228	0.10934106148426	0.114813501534265	-0.123874713035572	0.0366418911239914
1655234.7	0.435397044595679	89.7823216190502	0.106375342309809	0.11669997533472	-0.133363664248626	0.0370761840915272
1655234.8	0.435413181666109	89.7811014457245	0.106245834870111	0.116870576651845	-0.129702026014155	0.0372198381278167
1655234.6	0.440774212983883	89.1206035998254	0.106993597578847	0.115197265058209	-0.143779765975477	0.037661896873763
2026726.3	0.410715175679043	89.1654217560205	0.107581636452016	0.122274404354769	-0.147426879391658	0.0366781159515296
349064.5	0.41278074588931	88.9800575609826	0.110959091256113	0.119588059677504	-0.1252544490921	0.0379664565176336
1911682.3	0.363030951065311	90.0152865287299	0.11073446491197	0.117488048819136	-0.157663552280944	0.0364544480388631
1917165.4	0.361194168231231	90.2130492309443	0.110727169225975	0.116964724066892	-0.156148877576828	0.0361529179713774
56799.18	0.37614501796534	91.8754586791779	0.11081150095117	0.113793936609039	-0.129855510763178	0.034111022525287
1888913.3	0.390042971623243	91.4918182077098	0.107522000306238	0.114581642161181	-0.113424784228876	0.0344879855283113
329993.3	0.397650056625142	92.242101252479	0.107868156620976	0.112817491447302	-0.0962118302285385	0.0348561096047368
329993.4	0.397728313639278	92.2117924635776	0.10783859997869	0.112897702825696	-0.0966988133882406	0.0348744618603021
56799.8	0.396945020131606	91.7980813497381	0.109551271301009	0.113320852485275	-0.102546914412642	0.0348256731272738
2497879.3	0.397577819727019	92.157004888149	0.107748592956184	0.114749197007436	-0.0996398515585892	0.0347215354161183
2508879.3	0.399878303198887	92.7848986666351	0.107008880590845	0.110292597900074	-0.0821489961969852	0.0354569129440295
28228.162	0.400566379492649	92.8744735564916	0.106992795345832	0.111031836991405	-0.0806249608047545	0.035504303069908
28228.165	0.398360944942505	92.4496980669348	0.106116983913083	0.112408281344058	-0.0901037640261164	0.0351436771911429
28228.180	0.396464222632492	92.5100528683358	0.10753553018927	0.111553106093323	-0.0888317729237571	0.0354560978798769
28228.172	0.396765274648	92.5010704518703	0.107517585040591	0.111580609065291	-0.0891002862423011	0.0354506176557294
28228.161	0.40014911626683	92.8330983541819	0.106589347790101	0.111768367544005	-0.0822888215251337	0.0354142526071842
28228.177	0.40022653835347	92.8205797127048	0.106543161384168	0.111822925883881	-0.0829171648458846	0.0354217293904876
28228.176	0.400107034444035	92.8353303076069	0.106584494166511	0.111747010811445	-0.0823442103229635	0.0354105865226061
28228.170	0.400154384610661	92.8255914563483	0.106571147182451	0.111773147261792	-0.0825859770222	0.0354170655269181
28228.167	0.400156232171539	92.8422599548646	0.106579008686977	0.111789814161171	-0.0822904243035143	0.0354305430180557
28228.169	0.400212239743207	92.8397905938694	0.106600512627683	0.111748350173693	-0.0823616922923013	0.0354165013678121
28228.171	0.39987962001797	92.8386546597775	0.106412647370388	0.111566968463851	-0.0823125537801212	0.0355454461307453
28228.164	0.400269033706325	92.6479136228931	0.106815147464248	0.111785445976607	-0.0862075898847527	0.035482782727792
28228.20	0.39283621983816	92.4348896427418	0.106745745601384	0.113851132102682	-0.0944710845111047	0.0355656907989616
326537.3	0.386533546325879	91.6114970973296	0.107868304804847	0.114416279077111	-0.114895911285408	0.0352840692009182
2161872.4	0.390311000771631	91.9509625251466	0.106453752650234	0.115102977622053	-0.103954698799103	0.0353945135573977
1816219.4	0.397982696081346	91.2980881365059	0.107648425251188	0.114181976978121	-0.108165077519748	0.0360751077302133
1967665.3	0.397179997984605	91.7165130593523	0.107416685124842	0.114720794409418	-0.104394111347325	0.0357449224794696
1820336.3	0.391193973565365	91.8142368304843	0.107214100988941	0.115508906414367	-0.10719426989577	0.0353921914169226
641665.4	0.427493228906102	91.738646332179	0.107670931119207	0.10858679996611	-0.0962994154028637	0.0365890027958993
56799.16	0.375683466868774	91.7094517763832	0.109484251244582	0.113799531218279	-0.129481913487967	0.0340375996024447
56799.14	0.374567137756353	91.6164684158677	0.110880158742551	0.115802427021787	-0.128445617823944	0.0342000353134913
28228.181	0.379364964501371	92.6512646586924	0.108542535705685	0.114175767165154	-0.102495882755087	0.0349105196213589
28228.168	0.379677664252048	92.4090580836327	0.108106189381859	0.113732175006202	-0.109057892692281	0.0345288586021424
28228.175	0.379249370392768	92.355227237343	0.108374751954814	0.113960045285742	-0.113134575788302	0.0346042474044676
28228.173	0.378334992629637	92.4107966563661	0.108978710080911	0.113239675789946	-0.107571335863756	0.0343584500129085
28228.166	0.377876010280866	92.4118958317478	0.108970825847489	0.113304687285007	-0.107354355287004	0.0343563877673773
28228.179	0.377716718266254	92.4177284367091	0.10898280513959	0.113250073898906	-0.107165835434997	0.0343488405733297
28228.163	0.377765568049031	92.4226304402089	0.108998697708927	0.113267100134945	-0.107026320112106	0.0343287699440337
28228.174	0.379252286381204	92.3646412674698	0.108395935424492	0.113924404865551	-0.112887505907813	0.034605016044377
89402.5	0.382185237762841	92.5524613976191	0.107783540463842	0.114121538310989	-0.100718739602701	0.0346100401213426
89402.3	0.382188686348947	92.5586328286235	0.10779830159257	0.114107052273624	-0.100527073065337	0.0346069301536207
89402.4	0.382074656188605	92.5765499461338	0.107823398429626	0.114130149186303	-0.100272160491552	0.0346177164715137
28228.18	0.381711337474378	92.3783770793081	0.107787094874219	0.114565928359967	-0.102072244524699	0.0346358324162624
28228.22	0.381707402588296	92.3725888561158	0.10778265410805	0.114578006304103	-0.102220693203408	0.0346338258220284
28228.19	0.3818347509113	92.3634795447246	0.107808740512738	0.114548528642164	-0.102024955640953	0.034645731467518
28228.24	0.382084309133489	92.4011927574656	0.107837859640522	0.11445512114452	-0.101114873984257	0.0346213632598099
28228.32	0.37851442147073	92.3658498368684	0.107569419497727	0.115202372717314	-0.106764634280302	0.034429933289592
28228.28	0.380103259262629	92.4281986283431	0.108071194335516	0.114675125419545	-0.102820608314064	0.0346528856882343
28228.27	0.380196081407172	92.4634082996314	0.108084908136185	0.114625378811083	-0.102153030980261	0.0346641920575029
28228.29	0.380086481565771	92.4472292132382	0.108113278163596	0.114594525115588	-0.102414514000991	0.0346465444565
28228.26	0.379953221154938	92.384056540362	0.108168502012249	0.114638198993385	-0.103499222805946	0.0346532672724679
28228.31	0.386049773286902	92.1618338528532	0.107795985209588	0.114857937757148	-0.104533838754602	0.0348945876922074
28228.21	0.381946955523763	92.4886563762678	0.107844481226779	0.114745738414936	-0.101505586414942	0.0346355376361353
1816218.27	0.382210753757908	92.4878299695293	0.107688878571203	0.114653316746196	-0.101000010026323	0.0347658892153014
28228.30	0.382269458811656	92.5054164092852	0.108066822851587	0.114511610592196	-0.100994206288184	0.0347363535193049
28228.25	0.380468902892481	92.5191030735586	0.108066836305113	0.114150984431168	-0.0958841704959594	0.0347859790406418
28228.23	0.382727025758811	92.6848826973803	0.107465224553529	0.114367583520342	-0.0947120883253421	0.034736614058968
1816218.3	0.383555892122094	92.0982580895514	0.107413773915764	0.115272401336666	-0.114784761887575	0.0345987144666119
28228.33	0.379933609571416	92.369062765499	0.108361880520801	0.114164949650764	-0.107314252356614	0.0346716903439629
28228.178	0.379257748905433	92.376399262783	0.108362774117572	0.114511919539132	-0.105722572328846	0.0346796524396066
56799.15	0.381012431537004	92.2034125949509	0.10736175743718	0.111943757955897	-0.109208568967008	0.0345587774972201
56799.4	0.382100681528608	92.8118368246704	0.10675133939304	0.112062044730043	-0.102011975341108	0.0350077807604749
56799.10	0.38961880367636	93.1271439903925	0.104280916160882	0.113948386290213	-0.0967228785612683	0.0359942126294574
2689569.3	0.380473569731169	91.4720488567118	0.10662664906838	0.116751574285943	-0.129987525981115	0.03515622590772
1856279.3	0.381412977302155	91.5849632582167	0.106857563687873	0.113593296391035	-0.122017063172698	0.0345022614769743
718192.4	0.389620672281005	90.0483048845823	0.108989836955445	0.116613903361927	-0.149854785347782	0.0346676704241536
2491017.3	0.375236787466188	90.7733455369993	0.109316517958344	0.116920457492143	-0.138396510586804	0.0345328938677591
2305464.3	0.373384319328703	90.612669530051	0.109222214066996	0.116424195292199	-0.142668914210409	0.0346697916761162
2304625.3	0.397728779526813	92.9874646955592	0.105061972047448	0.111202012193865	-0.089450601352833	0.0356369729377168
2058299.3	0.376645807967834	91.8113060584126	0.107781272290807	0.114584365916875	-0.113478845872566	0.0345242790862753
56799.11	0.382774754337939	92.9249240376338	0.106427786661445	0.113577869877841	-0.0988445430712833	0.0349226033134267
888425.3	0.374834445813538	91.472120925035	0.106546407462462	0.116315212621804	-0.125061647017586	0.0341228404213711
56799.9	0.383809715783108	91.2950161305606	0.108430959615632	0.115088769464936	-0.118163247513919	0.0350614791631507
28229.11	0.366061543425891	91.0036403134737	0.111317793013976	0.116707783306456	-0.139656123252731	0.0336389864851884
28229.4	0.386118986060762	91.2520091219387	0.107486350596872	0.116156849035716	-0.12490651915372	0.0347005014206347
28229.6	0.384477999675272	91.6674432282913	0.10722281727861	0.114167087266225	-0.111338526691134	0.0350258564054077
89401.3	0.382302916043362	91.7446729503971	0.106877069521143	0.115497151587117	-0.11052593777458	0.0351952003554894
167879.5	0.383421569903225	91.5198219272528	0.107137369932753	0.115580293315102	-0.114863879330068	0.0351450775220583
2058305.3	0.382666923531717	91.4640330966828	0.108078850143575	0.115461385526142	-0.116463787831726	0.0348511238937009
28229.3	0.380192312663168	90.980014278688	0.107258621089536	0.114221561671983	-0.132052406345378	0.034403495762247
1265503.3	0.375067765010776	90.9235738289154	0.109371540249453	0.113480480874665	-0.129690510190146	0.0352349282493314
56799.17	0.384354004170206	92.0654336337044	0.106507922059594	0.112058750090816	-0.0977089368581829	0.0347446594053006
56799.13	0.380407278844166	91.5309952347047	0.107298014444205	0.113091017989094	-0.108334946757018	0.0346222151030386
58049.4	0.384957279000986	92.0730907082514	0.108276338029333	0.110822013480509	-0.104712392397687	0.0346930932023027
1718921.3	0.384572904315624	92.1035341740509	0.107932711642665	0.111337182103057	-0.105647333629898	0.0346824272528353
1513592.3	0.384845171309943	91.7752206693728	0.107291006837857	0.111548019295425	-0.115069353083532	0.034890935373321
1720342.3	0.389776332168815	92.2843972364108	0.108188410499335	0.109980208299536	-0.0997089646669478	0.0350840336134454
1982103.3	0.381394385724832	91.6295595514178	0.104809872910596	0.117484439303616	-0.122269391038173	0.0352204965501358
