strain	replicate	temp	mumax/day	r2
Bg11-12	1	-1	1.3668585071441	0.990187030346894
Bg11-12	2	-1	1.30499883617072	0.994227919715439
Bg11-12	3	-1	1.18951454500429	0.995628154976972
Bg11-12	4	-1	1.08393408740033	0.99696858683123
Bg11-12	5	-1	1.17474885482021	0.996743671492985
Bg11-12	6	-1	1.15291321930355	0.995985065788936
Bg11-12	7	-1	1.3351740405966	0.99427436669569
Bg11-12	8	-1	1.42687178917792	0.99309050885674
Bg11-12	1	4	2.01986619276803	0.996076890088228
Bg11-12	2	4	2.2158575832949	0.914667159920718
Bg11-12	3	4	2.15268121857499	0.921222651076122
Bg11-12	4	4	2.1111320895622	0.90155884809867
Bg11-12	5	4	2.1283914026651	0.898702236436913
Bg11-12	6	4	2.04217112646406	0.904889010404467
Bg11-12	7	4	2.13993392662584	0.906179250975555
Bg11-12	8	4	2.01259599431718	0.990888905407871
Bg11-12	1	11	2.8224776489707	0.983823464623622
Bg11-12	2	11	2.82757872475531	0.983520736162149
Bg11-12	3	11	2.79256398092556	0.978995659330383
Bg11-12	4	11	2.78980175955383	0.973476287167596
Bg11-12	5	11	2.79920738273616	0.979473628217015
Bg11-12	6	11	2.75841742373898	0.977046380745568
Bg11-12	7	11	2.79091295531142	0.980396362019622
Bg11-12	8	11	2.63970856095189	0.975061481738109
Bg11-12	1	17	2.06237623988379	0.993288255053309
Bg11-12	2	17	2.64578624782804	0.993092728977715
Bg11-12	3	17	2.53305599510051	0.994840035366056
Bg11-12	4	17	2.56136350453322	0.995445193696006
Bg11-12	5	17	2.45461858788848	0.994851051720236
Bg11-12	6	17	2.34799859467114	0.995913207078241
Bg11-12	7	17	2.50211507721276	0.994287846752552
Bg11-12	8	17	2.19709164266662	0.997115480793437
Bg11-28	1	-1	1.4058202284915	0.996796185671397
Bg11-28	2	-1	1.39609076542197	0.995945472829513
Bg11-28	3	-1	1.37013487014609	0.994208336919541
Bg11-28	4	-1	1.58040767751296	0.995048621967058
Bg11-28	5	-1	1.40720624526964	0.991459669262968
Bg11-28	6	-1	1.2741690284798	0.996552034827241
Bg11-28	7	-1	1.3737342726602	0.99761839383416
Bg11-28	8	-1	1.30570232162426	0.997108985543947
Bg11-28	1	4	1.76419733763157	0.993228542033793
Bg11-28	2	4	2.14856835354195	0.916659464762093
Bg11-28	3	4	1.67607936599729	0.88140251567079
Bg11-28	4	4	1.67255563176402	0.892140087444096
Bg11-28	5	4	1.81622884565431	0.900857099666572
Bg11-28	6	4	1.82213551272596	0.905767768743375
Bg11-28	7	4	2.11161564911259	0.910340311882895
Bg11-28	8	4	1.78081939332383	0.991242539912138
Bg11-28	1	11	2.32671127577792	0.982594670414631
Bg11-28	2	11	2.44283276974289	0.982357862317843
Bg11-28	3	11	2.59333102244273	0.978383324372825
Bg11-28	4	11	2.69409832777682	0.966527658793702
Bg11-28	5	11	2.72625708231413	0.970611409564248
Bg11-28	6	11	2.60062713798807	0.971559233794075
Bg11-28	7	11	2.379883020561	0.980205294663106
Bg11-28	8	11	2.46246224629832	0.97435649343691
Bg11-28	1	17	0.564703704601356	0.992897750725021
Bg11-28	2	17	1.07871067825154	0.987755966157019
Bg11-28	3	17	0.816796462421174	0.986188813503643
Bg11-28	4	17	0.925557751031193	0.991413421315797
Bg11-28	5	17	0.944924312887079	0.986536777457595
Bg11-28	6	17	0.812133618587065	0.990591170727079
Bg11-28	7	17	0.659343924496163	0.993742909625021
Bg11-28	8	17	0.493454208687942	0.992347548382731
BRX10.1	1	-1	1.799975966154	0.98283608616678
BRX10.1	2	-1	1.65427373030966	0.971347882132248
BRX10.1	3	-1	1.54871807800499	0.975819109571507
BRX10.1	4	-1	1.50286669500185	0.965867694588994
BRX10.1	5	-1	1.59913584277784	0.967415511456822
BRX10.1	6	-1	1.61329893309231	0.971721831135869
BRX10.1	7	-1	1.5686175460469	0.964968958750213
BRX10.1	8	-1	1.75178496589007	0.994299423759011
BRX10.1	1	4	2.18460855611081	0.977418328733357
BRX10.1	2	4	1.98855659197519	0.983810773542536
BRX10.1	3	4	1.90625950992683	0.980755626031575
BRX10.1	4	4	1.72226588321923	0.968923707660476
BRX10.1	5	4	1.6633440611445	0.956380313544879
BRX10.1	6	4	1.81298472660822	0.984426276815072
BRX10.1	7	4	1.98433487613597	0.967983738534429
BRX10.1	8	4	1.97782728710424	0.987656453580595
BRX10.1	1	11	2.17692972687398	0.989797653485803
BRX10.1	2	11	2.08761790716008	0.987992890827337
BRX10.1	3	11	2.19759879598801	0.988793497759174
BRX10.1	4	11	2.23331439272222	0.988330202111182
BRX10.1	5	11	2.27348316127889	0.987692384221428
BRX10.1	6	11	2.13390311411745	0.989532160052891
BRX10.1	7	11	2.16151208285887	0.986426777047441
BRX10.1	8	11	2.04957134468731	0.992358344805781
BRX10.1	1	17	1.43731073135102	0.99570701688158
BRX10.1	2	17	1.35968004709341	0.995312697223802
BRX10.1	3	17	1.64924468366913	0.992056112955233
BRX10.1	4	17	1.25814513836747	0.994904556533733
BRX10.1	5	17	2.19701936921518	0.98697273782223
BRX10.1	6	17	1.71231466324595	0.993892252114277
BRX10.1	7	17	1.667466178906	0.991190801754008
BRX10.1	8	17	1.5473759357633	0.990304735733987
BRX10.2	1	-1	1.83154151277941	0.983088716809897
BRX10.2	2	-1	1.67935477345975	0.99043121526185
BRX10.2	3	-1	1.59080268758349	0.979583507233981
BRX10.2	4	-1	1.36881583323242	0.965627404890904
BRX10.2	5	-1	1.2098984301365	0.980399804255274
BRX10.2	6	-1	1.31984757747383	0.987373503734393
BRX10.2	7	-1	1.34863890719108	0.979689045699061
BRX10.2	8	-1	1.62746948739363	0.985549012756987
BRX10.2	1	4	2.33269749747005	0.980625780154391
BRX10.2	2	4	2.19775711687644	0.981000999632098
BRX10.2	3	4	1.8789688285416	0.990891739139001
BRX10.2	4	4	1.85657180839651	0.973557146455508
BRX10.2	5	4	1.83100496708421	0.984947502256055
BRX10.2	6	4	1.68877347567868	0.984798103779942
BRX10.2	7	4	1.94449958337902	0.975768810006734
BRX10.2	8	4	2.20039315293745	0.986413214625478
BRX10.2	1	11	2.23293741059811	0.988450033104194
BRX10.2	2	11	2.09378044136645	0.987209634617893
BRX10.2	3	11	2.10964063930664	0.992450463035352
BRX10.2	4	11	2.14634564998366	0.992822560039065
BRX10.2	5	11	2.20543120966129	0.991058192678991
BRX10.2	6	11	2.21785336113428	0.988426324213813
BRX10.2	7	11	2.30437288073795	0.984826428766663
BRX10.2	8	11	2.1140221400836	0.990764470677935
BRX10.2	1	17	1.33285726816464	0.995508941416038
BRX10.2	2	17	1.24535729851251	0.995085564271557
BRX10.2	3	17	1.27253187330615	0.99608221455832
BRX10.2	4	17	1.72471710203518	0.99337899986109
BRX10.2	5	17	1.304555829779	0.994380557534948
BRX10.2	6	17	1.27624317245146	0.995093369257034
BRX10.2	7	17	1.26093801068409	0.995934051736938
BRX10.2	8	17	1.35384525672882	0.996042804060878
BRX10.3	1	-1	1.1343569404932	0.995264563993452
BRX10.3	2	-1	0.932132350530279	0.991650193846058
BRX10.3	3	-1	0.95089520483121	0.995151666239906
BRX10.3	4	-1	0.984986952702017	0.994572668460883
BRX10.3	5	-1	0.890435919492025	0.994520592735711
BRX10.3	6	-1	0.8361021275925	0.997342603751737
BRX10.3	7	-1	0.96073144823957	0.994256487530005
BRX10.3	8	-1	0.981400866536732	0.993683372753031
BRX10.3	1	4	1.47682713905759	0.99262447040625
BRX10.3	2	4	0.804159229242517	0.804125198164155
BRX10.3	3	4	1.25637409247811	0.994966966499618
BRX10.3	4	4	0.922381258735769	0.966098730508853
BRX10.3	5	4	0.93683521707275	0.9851069707249
BRX10.3	6	4	0.801258605450692	0.737128237087171
BRX10.3	7	4	0.941949004285128	0.881396096785714
BRX10.3	8	4	0.579202894459326	0.749383567807045
BRX10.3	1	11	1.11160514328316	0.993737018450553
BRX10.3	2	11	1.2105784498076	0.993530016637684
BRX10.3	3	11	1.21762916431323	0.996062649691864
BRX10.3	4	11	1.26334242146056	0.996236250700214
BRX10.3	5	11	1.40385442717174	0.997715023461933
BRX10.3	6	11	1.18705361858617	0.995248352215727
BRX10.3	7	11	1.21715085101186	0.995035346266262
BRX10.3	8	11	1.18372761189795	0.995485614474347
BRX10.3	1	17	1.06114665439645	0.911207208457588
BRX10.3	2	17	1.34659182861385	0.996354006736926
BRX10.3	3	17	1.23553622352858	0.997737698223223
BRX10.3	4	17	1.23238539774412	0.997533459552557
BRX10.3	5	17	1.7143021702235	0.996495616114809
BRX10.3	6	17	1.2714145080971	0.994863644672015
BRX10.3	7	17	1.278292722171	0.99520959810479
BRX10.3	8	17	1.21346699059054	0.994023933474028
BRX10.4	1	-1	1.42282504030015	0.983738611110583
BRX10.4	2	-1	1.7889615479329	0.980881230693624
BRX10.4	3	-1	1.40731411870391	0.984052526862313
BRX10.4	4	-1	1.02730624680476	0.982468674561551
BRX10.4	5	-1	0.96132915714563	0.957371185244046
BRX10.4	6	-1	1.08124715899143	0.963766449672113
BRX10.4	7	-1	1.03569043362263	0.975184349177521
BRX10.4	8	-1	1.15828732627682	0.98796048818981
BRX10.4	1	4	2.0961699660854	0.984225601814697
BRX10.4	2	4	1.56706883307611	0.979692432095093
BRX10.4	3	4	1.35407864834653	0.972221023246197
BRX10.4	4	4	1.34327076990424	0.986718011777441
BRX10.4	5	4	1.34217820089466	0.971639572385432
BRX10.4	6	4	1.27202932059997	0.933943165951424
BRX10.4	7	4	1.51117089225387	0.963809677606662
BRX10.4	8	4	1.85827145301431	0.987864510372183
BRX10.4	1	11	1.809291443617	0.928391831786484
BRX10.4	2	11	1.80757141585457	0.934919446083758
BRX10.4	3	11	1.44755363212978	0.706367113297622
BRX10.4	4	11	1.27517884520489	0.764977228503105
BRX10.4	5	11	1.18603360883897	0.793814430213968
BRX10.4	6	11	1.49190904230937	0.817203460693597
BRX10.4	7	11	1.6988118207136	0.912925111927198
BRX10.4	8	11	2.34756334233444	0.995042406299558
BRX10.4	1	17	0.183701103271097	0.633167482357285
BRX10.4	2	17	0.296689188887846	0.894546963172681
BRX10.4	3	17	0.15990877085823	0.994630528336979
BRX10.4	4	17	0.364109926803474	0.833827515486853
BRX10.4	5	17	0.270095174426428	0.531473470094223
BRX10.4	6	17	0.257659608551018	0.878760284772741
BRX10.4	7	17	0.0954663264744711	0.928583627331237
BRX10.4	8	17	0.36277785412014	0.628376444892993
BRX10.5	1	-1	1.78168619974557	0.987629526532277
BRX10.5	2	-1	1.37699717225512	0.993618598178792
BRX10.5	3	-1	1.43881428025255	0.987299206145617
BRX10.5	4	-1	1.44422898554625	0.987650180426534
BRX10.5	5	-1	1.20742505490482	0.988015973294212
BRX10.5	6	-1	1.35922468381354	0.979730583210229
BRX10.5	7	-1	1.40374923433567	0.984956605137139
BRX10.5	8	-1	1.78258525442056	0.994740848907088
BRX10.5	1	4	1.87774108991749	0.95083826396062
BRX10.5	2	4	1.70746674610544	0.956438452859201
BRX10.5	3	4	1.74374027119053	0.966323864802122
BRX10.5	4	4	1.48562674278279	0.961317256297016
BRX10.5	5	4	1.59874611731399	0.954915983751113
BRX10.5	6	4	1.54141368120274	0.959259515628978
BRX10.5	7	4	1.52800061603053	0.973790256221648
BRX10.5	8	4	1.37066378297566	0.956881266882624
BRX10.5	1	11	2.01536255516268	0.98596907053309
BRX10.5	2	11	2.12219182747769	0.984784143471258
BRX10.5	3	11	1.79133653981269	0.903507503001216
BRX10.5	4	11	1.87965770330867	0.899102629322956
BRX10.5	5	11	1.86821383252467	0.894330973870612
BRX10.5	6	11	1.80174246938653	0.913247043425015
BRX10.5	7	11	1.91188817809511	0.988206500964631
BRX10.5	8	11	2.11689128577588	0.988806093484359
BRX10.5	1	17	1.24881879179679	0.994267009211698
BRX10.5	2	17	1.28358798955761	0.996191737993
BRX10.5	3	17	1.236979506963	0.996154242820884
BRX10.5	4	17	1.34471899845229	0.997111051026914
BRX10.5	5	17	1.3364143576022	0.996341268797813
BRX10.5	6	17	1.40295578574306	0.996328035549298
BRX10.5	7	17	1.44208193925045	0.996808344188632
BRX10.5	8	17	1.31260702521668	0.995380764108351
BRX10.6	1	-1	2.13288704248988	0.996803658024831
BRX10.6	2	-1	2.13466008700301	0.993197514148694
BRX10.6	3	-1	2.05168203046656	0.975735551040295
BRX10.6	4	-1	1.6035592678456	0.9801782868607
BRX10.6	5	-1	1.74314583010014	0.987044413582827
BRX10.6	6	-1	1.81641279822265	0.981137553447672
BRX10.6	7	-1	1.71570400687413	0.977964461429501
BRX10.6	8	-1	1.74001367908698	0.990047222709494
BRX10.6	1	4	2.05728173041446	0.978748886720899
BRX10.6	2	4	2.05650004152269	0.986614507296846
BRX10.6	3	4	1.90547082107697	0.987079012409377
BRX10.6	4	4	1.63095917826236	0.986827055046496
BRX10.6	5	4	1.63498338141668	0.970637168789272
BRX10.6	6	4	1.89734019480202	0.98888824079425
BRX10.6	7	4	2.09187167637083	0.982785814644852
BRX10.6	8	4	1.99779318586757	0.977473683461513
BRX10.6	1	11	2.6162752254642	0.955589381195328
BRX10.6	2	11	2.64090862585143	0.934674168674903
BRX10.6	3	11	2.04802971966867	0.783359704476128
BRX10.6	4	11	1.81852582163486	0.743002507314059
BRX10.6	5	11	1.75479524698506	0.872524616436222
BRX10.6	6	11	1.66841557934912	0.801705438424842
BRX10.6	7	11	2.51126061848538	0.973462062014571
BRX10.6	8	11	2.2873711387941	0.982243784185701
BRX10.6	1	17	1.12676935036936	0.995248907277465
BRX10.6	2	17	1.40571798062407	0.99567158993997
BRX10.6	3	17	1.5694588064082	0.994362637596531
BRX10.6	4	17	1.59204089327865	0.993593256374259
BRX10.6	5	17	1.65254927108001	0.993328518424115
BRX10.6	6	17	1.58410374607642	0.993177700998052
BRX10.6	7	17	1.51923945765962	0.992884954969048
BRX10.6	8	17	1.31137626947371	0.994927987794887
BRX10.7	1	-1	1.37314309073305	0.993907415153487
BRX10.7	2	-1	1.45412657821149	0.99439808034303
BRX10.7	3	-1	1.32448944027992	0.990856335697797
BRX10.7	4	-1	1.22369316991643	0.981049976533033
BRX10.7	5	-1	1.24869931353767	0.982067853803154
BRX10.7	6	-1	1.35530971921728	0.985406148121432
BRX10.7	7	-1	1.53710679774683	0.99292619806444
BRX10.7	8	-1	1.77477608151204	0.995593950370325
BRX10.7	1	4	1.56476281308254	0.961428086247636
BRX10.7	2	4	1.64159565328367	0.966618218726468
BRX10.7	3	4	1.60489005248293	0.974095833537384
BRX10.7	4	4	1.54993306754494	0.987556503644154
BRX10.7	5	4	1.48904837292012	0.979891993421219
BRX10.7	6	4	1.67733951094299	0.99138656176103
BRX10.7	7	4	1.9562395813525	0.993438803612205
BRX10.7	8	4	2.21837769796476	0.977057465843733
BRX10.7	1	11	2.17009357742298	0.990880599435289
BRX10.7	2	11	2.12150540854536	0.990053481494231
BRX10.7	3	11	1.91074706026567	0.946897018954436
BRX10.7	4	11	2.20248046223507	0.923648036928029
BRX10.7	5	11	2.01247997926149	0.935112202651227
BRX10.7	6	11	2.1633483434574	0.947718253367023
BRX10.7	7	11	2.05287148873321	0.992505085133841
BRX10.7	8	11	2.12249781273984	0.9951292995528
BRX10.7	1	17	1.67840980088811	0.960690577389904
BRX10.7	2	17	1.62488029241195	0.994285828296098
BRX10.7	3	17	1.37386680742982	0.995348152436547
BRX10.7	4	17	1.26108664935011	0.99511316166282
BRX10.7	5	17	1.22972349334591	0.995678662784968
BRX10.7	6	17	1.38535706027786	0.995677123261527
BRX10.7	7	17	1.42231274810272	0.996319067494766
BRX10.7	8	17	1.37632228407018	0.994953864830776
BRX10.8	1	-1	2.11077697973505	0.980488173996602
BRX10.8	2	-1	1.75286976829127	0.985894535620101
BRX10.8	3	-1	1.73124837219768	0.977375763630181
BRX10.8	4	-1	1.83962567793012	0.979960837539851
BRX10.8	5	-1	1.67020911152286	0.988305980770797
BRX10.8	6	-1	1.63034199631198	0.985135526645333
BRX10.8	7	-1	1.78447654070246	0.975095946262471
BRX10.8	8	-1	1.94037541037086	0.990330339864109
BRX10.8	1	4	1.83570496060163	0.918914776895761
BRX10.8	2	4	1.99230939953216	0.920588845883439
BRX10.8	3	4	1.957694628442	0.929359057021754
BRX10.8	4	4	1.84240280798556	0.926123688353081
BRX10.8	5	4	1.84937062158904	0.93941840815923
BRX10.8	6	4	1.75644857286721	0.9302377799565
BRX10.8	7	4	1.814418644111	0.926227233123848
BRX10.8	8	4	1.86233212688998	0.966537862107758
BRX10.8	1	11	2.19359306857364	0.964696373077385
BRX10.8	2	11	2.07875442640588	0.944465898815447
BRX10.8	3	11	2.07952476375757	0.930786008147622
BRX10.8	4	11	1.94068282983222	0.928928451836299
BRX10.8	5	11	1.84955152149377	0.942362758177164
BRX10.8	6	11	2.13653758932661	0.964706954555292
BRX10.8	7	11	1.99590971386203	0.983471148735991
BRX10.8	8	11	2.1687143174246	0.982952206082249
BRX10.8	1	17	1.38470777010655	0.996618504879869
BRX10.8	2	17	1.09573894315095	0.996671484763843
BRX10.8	3	17	1.38188954849461	0.993578596666287
BRX10.8	4	17	1.19566987058884	0.996252529611193
BRX10.8	5	17	1.23156169126432	0.99648822649897
BRX10.8	6	17	1.1043284824817	0.995023956913508
BRX10.8	7	17	1.0528264353448	0.996077116017871
BRX10.8	8	17	1.17665070400181	0.991654803239437
BRX10.9	1	-1	1.92553721695001	0.964832438203975
BRX10.9	2	-1	2.00732612193072	0.987572150118988
BRX10.9	3	-1	2.10560670437906	0.983544821494994
BRX10.9	4	-1	1.93698090933397	0.988103133890062
BRX10.9	5	-1	1.91821027294965	0.989813325464531
BRX10.9	6	-1	2.01133114109365	0.986757304319615
BRX10.9	7	-1	1.90870027577261	0.983277847203513
BRX10.9	8	-1	1.79714195069966	0.979351034375324
BRX10.9	1	4	2.6643517999587	0.963658087409057
BRX10.9	2	4	2.65158707097116	0.962075001140345
BRX10.9	3	4	2.57737568505383	0.981234627999072
BRX10.9	4	4	2.47672291614639	0.976161675197453
BRX10.9	5	4	2.45609128489685	0.967548792029052
BRX10.9	6	4	2.59835782319454	0.980766286075749
BRX10.9	7	4	2.63900669108343	0.98261912472042
BRX10.9	8	4	2.6023029958983	0.976425983166283
BRX10.9	1	11	2.87843817509098	0.975472954136986
BRX10.9	2	11	2.99248845333192	0.973494121098413
BRX10.9	3	11	3.04263971628248	0.975899411116244
BRX10.9	4	11	2.86292714251465	0.973902884357424
BRX10.9	5	11	2.83694322961786	0.962519890129906
BRX10.9	6	11	2.86833902495688	0.961232912272519
BRX10.9	7	11	2.9109087716982	0.967968435383966
BRX10.9	8	11	2.67261613200403	0.978210231877411
BRX10.9	1	17	1.28601855261026	0.996337179832134
BRX10.9	2	17	1.71970845164636	0.99135735243376
BRX10.9	3	17	1.86200375624412	0.989081621839573
BRX10.9	4	17	1.74617810472111	0.995791171404987
BRX10.9	5	17	2.03556198012473	0.987723314478133
BRX10.9	6	17	1.68387976124572	0.991450499425261
BRX10.9	7	17	2.23248143978039	0.983673614358836
BRX10.9	8	17	2.16372749381887	0.983032967309027
BRX8.1	1	-1	1.73727976578658	0.993598955222867
BRX8.1	2	-1	1.73783223878725	0.992043343062834
BRX8.1	3	-1	1.71749496083574	0.979522626531866
BRX8.1	4	-1	1.52803103386871	0.994720029836218
BRX8.1	5	-1	1.74670039144708	0.987905812903372
BRX8.1	6	-1	1.69331856338436	0.990206684743885
BRX8.1	7	-1	1.73957905833977	0.990046281826134
BRX8.1	8	-1	1.46935837349514	0.994865474806463
BRX8.1	1	4	2.2231281697953	0.978135971180165
BRX8.1	2	4	1.9132640586685	0.974903137332882
BRX8.1	3	4	1.94147548901754	0.974641018495731
BRX8.1	4	4	2.1328155371121	0.972245087508939
BRX8.1	5	4	1.71880184878341	0.978791883709865
BRX8.1	6	4	1.76937126681429	0.981797937699486
BRX8.1	7	4	1.86972048840062	0.983311752384256
BRX8.1	8	4	1.64962007105067	0.990107597814629
BRX8.1	1	11	2.23729296382865	0.975762093025415
BRX8.1	2	11	2.13405023668389	0.981645111513763
BRX8.1	3	11	2.22543890027883	0.973986986607022
BRX8.1	4	11	2.19309629567995	0.972170748633699
BRX8.1	5	11	2.07771443798076	0.975001762790378
BRX8.1	6	11	1.99720168048465	0.977659841489647
BRX8.1	7	11	1.93035645712251	0.977680639037546
BRX8.1	8	11	2.02895083269601	0.982390273049028
BRX8.1	1	17	1.1263336402412	0.995631775792554
BRX8.1	2	17	1.0084469133783	0.98866148569976
BRX8.1	3	17	0.988565995240562	0.997626695420629
BRX8.1	4	17	1.05331176872293	0.986440640104399
BRX8.1	5	17	1.01670851152851	0.988777650410758
BRX8.1	6	17	1.00918103736764	0.994724636413701
BRX8.1	7	17	1.04157546390055	0.992729036977723
BRX8.1	8	17	1.12919921310445	0.990038090107431
BRX8.2	1	-1	1.95282078770924	0.971847178897703
BRX8.2	2	-1	1.76738208201341	0.990914085355442
BRX8.2	3	-1	1.70856248293583	0.972800020612144
BRX8.2	4	-1	1.67064218068036	0.981207655931704
BRX8.2	5	-1	1.61239887427085	0.978086540935959
BRX8.2	6	-1	1.63725211475785	0.983392067134715
BRX8.2	7	-1	1.77500905935646	0.982739107537067
BRX8.2	8	-1	1.84233039879322	0.983411560495655
BRX8.2	1	4	2.36954128842609	0.961030816666184
BRX8.2	2	4	1.90585583454531	0.940567773196531
BRX8.2	3	4	1.64154214621682	0.906684217454497
BRX8.2	4	4	1.88629093363344	0.948055301728665
BRX8.2	5	4	2.06008155726142	0.9546592898487
BRX8.2	6	4	1.83703033373358	0.926616850690833
BRX8.2	7	4	1.68945741351841	0.963004030293003
BRX8.2	8	4	2.04210010136868	0.968356158949691
BRX8.2	1	11	2.28571309831663	0.915614596416374
BRX8.2	2	11	1.98581739217719	0.916434281016079
BRX8.2	3	11	1.98025749404239	0.904539241961144
BRX8.2	4	11	1.71424268381094	0.901327714529121
BRX8.2	5	11	2.01726101141672	0.936905332397638
BRX8.2	6	11	2.09165090026613	0.951517259729108
BRX8.2	7	11	2.1892128631236	0.920719808693724
BRX8.2	8	11	2.32948455477772	0.960509417691423
BRX8.2	1	17	2.46307450218709	0.849056558873666
BRX8.2	2	17	1.01748344882257	0.906088827611736
BRX8.2	3	17	1.09256104919232	0.921700453601338
BRX8.2	4	17	0.92941899671446	0.902327373810139
BRX8.2	5	17	0.947696498209038	0.947207943430052
BRX8.2	6	17	0.978986368271019	0.953037399442637
BRX8.2	7	17	0.95141068259937	0.951094573288218
BRX8.2	8	17	1.08516885943814	0.994533251020577
BRX8.3	1	-1	1.60099094088077	0.985896820648212
BRX8.3	2	-1	1.68652764680711	0.981926550249409
BRX8.3	3	-1	1.44115838598055	0.975595639755588
BRX8.3	4	-1	1.47358736058729	0.985119535745674
BRX8.3	5	-1	1.35985707093657	0.991307270895239
BRX8.3	6	-1	1.31964786793959	0.986457754106095
BRX8.3	7	-1	1.37995793866022	0.978797459327231
BRX8.3	8	-1	1.6748615314712	0.987085915611934
BRX8.3	1	4	2.19309474034859	0.962086832377712
BRX8.3	2	4	1.54987336227789	0.962521433329146
BRX8.3	3	4	1.84796292918899	0.953688108206578
BRX8.3	4	4	1.80943553248563	0.965388527522862
BRX8.3	5	4	1.77208751349588	0.977877707962535
BRX8.3	6	4	1.66576437654572	0.964782547005868
BRX8.3	7	4	1.5669970240848	0.952185095545029
BRX8.3	8	4	1.70623249777156	0.972579857304947
BRX8.3	1	11	2.15413687623577	0.955296232536209
BRX8.3	2	11	1.9308048163044	0.959243270579435
BRX8.3	3	11	1.84462552572866	0.970973239248325
BRX8.3	4	11	1.85547393800296	0.967463253712214
BRX8.3	5	11	1.93378753762657	0.968734749814634
BRX8.3	6	11	1.90235699288837	0.968279397315896
BRX8.3	7	11	1.91137840638464	0.944656016061049
BRX8.3	8	11	2.09939760792174	0.962989510598792
BRX8.3	1	17	0.992508445918785	0.989744220152454
BRX8.3	2	17	1.08129600688045	0.949807795158488
BRX8.3	3	17	1.08087929610676	0.932280122398712
BRX8.3	4	17	0.909772720858188	0.972239556823603
BRX8.3	5	17	1.03381854642038	0.922503490801594
BRX8.3	6	17	1.04502924743536	0.932099832726294
BRX8.3	7	17	1.03726301861151	0.950763646008231
BRX8.3	8	17	0.994711920835336	0.993041182091602
BRX8.4	1	-1	1.5328130874557	0.992793383803666
BRX8.4	2	-1	1.35753736633353	0.98419647416882
BRX8.4	3	-1	1.34445021833716	0.990898410642137
BRX8.4	4	-1	1.2843917642072	0.992179070703586
BRX8.4	5	-1	1.09503001164857	0.993998920871723
BRX8.4	6	-1	1.20468795934929	0.99220560363099
BRX8.4	7	-1	1.28591111244482	0.991689795262226
BRX8.4	8	-1	1.20007131021212	0.997721726398964
BRX8.4	1	4	1.52395464763419	0.989312707956992
BRX8.4	2	4	1.66157785547913	0.968630965931221
BRX8.4	3	4	1.62311117929492	0.966048647586837
BRX8.4	4	4	1.53908750813072	0.961902713672415
BRX8.4	5	4	1.58596587047553	0.970803308545987
BRX8.4	6	4	1.46299156285405	0.960759049226176
BRX8.4	7	4	1.5557438653002	0.969014173286807
BRX8.4	8	4	1.39887781651267	0.987581258826839
BRX8.4	1	11	1.63407478342811	0.994788774114573
BRX8.4	2	11	1.53166743510742	0.982315611873592
BRX8.4	3	11	1.57350496021947	0.984368707002518
BRX8.4	4	11	1.64378738594021	0.989894240988246
BRX8.4	5	11	1.56357198844518	0.989330829135878
BRX8.4	6	11	1.67392272863182	0.990800989042057
BRX8.4	7	11	1.66157760107617	0.97656764431959
BRX8.4	8	11	1.81385955632763	0.986761003323696
BRX8.4	1	17	1.09793237686391	0.996736454990333
BRX8.4	2	17	1.55207484054144	0.942393259359323
BRX8.4	3	17	1.78568516271811	0.901143987574549
BRX8.4	4	17	1.62664183385767	0.893468272876438
BRX8.4	5	17	1.80462981279238	0.942490275222392
BRX8.4	6	17	1.74894235224507	0.946463843506159
BRX8.4	7	17	1.69630266512254	0.954768887920722
BRX8.4	8	17	1.52410243973053	0.972437047022821
BRX8.5	1	-1	2.03229696733716	0.986547836712525
BRX8.5	2	-1	1.65176198226832	0.986864850753371
BRX8.5	3	-1	1.7170383076623	0.986341434698055
BRX8.5	4	-1	1.59299564332289	0.988090009448221
BRX8.5	5	-1	1.59127840356976	0.979411592372034
BRX8.5	6	-1	1.51982622188435	0.972967863026303
BRX8.5	7	-1	1.7055478712301	0.988260151729888
BRX8.5	8	-1	2.22703005148936	0.959808950521679
BRX8.5	1	4	2.24028929001703	0.97068657862755
BRX8.5	2	4	1.85587605544779	0.967354697016958
BRX8.5	3	4	1.87021469448439	0.971607925354471
BRX8.5	4	4	1.5930009436972	0.967031578858892
BRX8.5	5	4	1.52421130461966	0.991252571507537
BRX8.5	6	4	1.74927597869655	0.977645442414661
BRX8.5	7	4	1.77538473968623	0.979456155420923
BRX8.5	8	4	2.04759140761867	0.970997002495026
BRX8.5	1	11	2.3162748631776	0.956304261758928
BRX8.5	2	11	2.35143719986833	0.950580120346983
BRX8.5	3	11	2.15869368130977	0.959051080691786
BRX8.5	4	11	2.38452549539301	0.975058868152121
BRX8.5	5	11	2.19124869213432	0.97933741148017
BRX8.5	6	11	2.19530904302882	0.963024935503403
BRX8.5	7	11	1.99558630455927	0.94567293067226
BRX8.5	8	11	2.42451851105132	0.9673862300983
BRX8.5	1	17	0.962848780064073	0.990955473958642
BRX8.5	2	17	1.29787321911569	0.966150150749087
BRX8.5	3	17	1.28979867030168	0.801210289403856
BRX8.5	4	17	1.27946643861509	0.841271563080728
BRX8.5	5	17	1.42481575568129	0.802422100081102
BRX8.5	6	17	1.18687396590902	0.837211371270824
BRX8.5	7	17	1.10887100483843	0.948518369609114
BRX8.5	8	17	1.25140153227198	0.986345870880089
BRX8.6	1	-1	1.43161570199963	0.994121734814244
BRX8.6	2	-1	1.38753369067758	0.992534097533793
BRX8.6	3	-1	1.47091262058894	0.991601527987522
BRX8.6	4	-1	1.49935894927748	0.988543816361808
BRX8.6	5	-1	1.49260303999822	0.992335314954439
BRX8.6	6	-1	3.23670550526048	0.923063790432649
BRX8.6	7	-1	1.50227146693837	0.99755764138437
BRX8.6	8	-1	1.56202291310943	0.993728009262179
BRX8.6	1	4	1.85169778126679	0.958555162684111
BRX8.6	2	4	1.89283775058873	0.968076397393837
BRX8.6	3	4	1.86293976706462	0.981521376009183
BRX8.6	4	4	1.90159203593115	0.951866682915274
BRX8.6	5	4	1.64562965826846	0.978205969820564
BRX8.6	6	4	1.88131003187873	0.961245075493538
BRX8.6	7	4	1.67727097890015	0.977749841646987
BRX8.6	8	4	1.84040835586363	0.972108438771238
BRX8.6	1	11	2.26856853712481	0.954088320165692
BRX8.6	2	11	2.0328237960991	0.963856612277375
BRX8.6	3	11	2.05194343565889	0.979685276295145
BRX8.6	4	11	2.0527275048248	0.984884231348868
BRX8.6	5	11	2.15386475531877	0.977544391918735
BRX8.6	6	11	1.97961302782118	0.981101975906466
BRX8.6	7	11	2.07056673811251	0.975845968836572
BRX8.6	8	11	2.16238484287905	0.981445607152334
BRX8.6	1	17	1.38640941362224	0.994098325254867
BRX8.6	2	17	1.25022671726551	0.991648577205397
BRX8.6	3	17	1.41342024732067	0.984222774102204
BRX8.6	4	17	1.11678866138449	0.984482858394681
BRX8.6	5	17	1.23830574451528	0.986755685985418
BRX8.6	6	17	1.07370415561889	0.98917202430538
BRX8.6	7	17	1.23179862979407	0.997740025842786
BRX8.6	8	17	1.42054627067729	0.994606549808891
BRX8.7	1	-1	1.77894014107892	0.972628187468376
BRX8.7	2	-1	1.51868953299919	0.981831622491224
BRX8.7	3	-1	1.54191585273735	0.973285972655318
BRX8.7	4	-1	1.4745492117878	0.970456623549778
BRX8.7	5	-1	1.61176983558495	0.982510462694049
BRX8.7	6	-1	1.59611026006581	0.985093184880932
BRX8.7	7	-1	1.48554415621166	0.97815228294023
BRX8.7	8	-1	1.52066120573288	0.987775266838786
BRX8.7	1	4	2.28290586973223	0.990082903587819
BRX8.7	2	4	2.22272091209343	0.989796400843244
BRX8.7	3	4	2.18642391897394	0.988942853726364
BRX8.7	4	4	2.18293347419574	0.977718466257917
BRX8.7	5	4	2.17295828236143	0.976683972232934
BRX8.7	6	4	2.09387931163443	0.982166761121662
BRX8.7	7	4	2.13191609564393	0.984689724471109
BRX8.7	8	4	2.10890422766222	0.9853178755453
BRX8.7	1	11	2.67112530661023	0.99176542784211
BRX8.7	2	11	2.58434920779002	0.990706881985557
BRX8.7	3	11	2.55660606797722	0.991683041015134
BRX8.7	4	11	2.48165787770185	0.993086523860955
BRX8.7	5	11	2.52872080419569	0.992850691309182
BRX8.7	6	11	2.59221872202371	0.992564422893919
BRX8.7	7	11	2.57784863025049	0.989978313437376
BRX8.7	8	11	2.48462119569461	0.98567517904641
BRX8.7	1	17	1.82264841311107	0.99102129286261
BRX8.7	2	17	1.90937015251199	0.985729054055224
BRX8.7	3	17	1.89085328818384	0.986659000200243
BRX8.7	4	17	1.78687208788004	0.984755351426535
BRX8.7	5	17	1.63867745088444	0.991934998268571
BRX8.7	6	17	1.61387040243656	0.993021749599919
BRX8.7	7	17	1.52352794823313	0.99268212119843
BRX8.7	8	17	1.60506860597609	0.991754192708042
BRX8.8	1	-1	1.61290727905194	0.970763094613491
BRX8.8	2	-1	1.84642207438157	0.976867542858644
BRX8.8	3	-1	1.67066925707912	0.984514982965187
BRX8.8	4	-1	1.75543358315911	0.981761209289097
BRX8.8	5	-1	1.72019128775354	0.981451085214242
BRX8.8	6	-1	1.70833860819736	0.972601670361606
BRX8.8	7	-1	1.86870033467863	0.985801856745911
BRX8.8	8	-1	1.71388768934327	0.988393463342616
BRX8.8	1	4	2.39398624423413	0.989702557713087
BRX8.8	2	4	2.10341033290743	0.959725031102482
BRX8.8	3	4	2.00849002312631	0.975693026257201
BRX8.8	4	4	2.05683561797677	0.928516244286853
BRX8.8	5	4	1.90129578786197	0.978139396072272
BRX8.8	6	4	2.15508081332492	0.947441709422357
BRX8.8	7	4	2.09734408048319	0.972898524421711
BRX8.8	8	4	2.3149430406033	0.982574342299321
BRX8.8	1	11	2.22412919593523	0.974320179298962
BRX8.8	2	11	2.09425301105864	0.971913190374375
BRX8.8	3	11	1.98680479892956	0.965648373183491
BRX8.8	4	11	2.09933192314375	0.951211527061349
BRX8.8	5	11	1.95972142439821	0.955497321577274
BRX8.8	6	11	1.90729787770101	0.976949292033772
BRX8.8	7	11	1.8214383190949	0.967018437505952
BRX8.8	8	11	2.10200718628417	0.982216755550377
BRX8.8	1	17	1.93108155367954	0.985130556395445
BRX8.8	2	17	2.0024747110359	0.986191563818027
BRX8.8	3	17	1.80979897424222	0.986427783242328
BRX8.8	4	17	1.9026259005803	0.982198405338143
BRX8.8	5	17	1.95476936765512	0.98387415601222
BRX8.8	6	17	1.93242680912578	0.985886623648341
BRX8.8	7	17	2.00379169516972	0.983412926557059
BRX8.8	8	17	1.83907965551008	0.986172953627032
BRX8.9	1	-1	1.88342460271802	0.970925262519489
BRX8.9	2	-1	2.01640953582619	0.972000345956272
BRX8.9	3	-1	1.80101905533917	0.962757656420935
BRX8.9	4	-1	1.68925608541171	0.979140525985342
BRX8.9	5	-1	1.66121937409948	0.960736615553192
BRX8.9	6	-1	1.7500732108827	0.97490546005922
BRX8.9	7	-1	1.6798524691008	0.985890150325264
BRX8.9	8	-1	1.94337707502981	0.982977937793143
BRX8.9	1	4	2.24322256061157	0.96695013758294
BRX8.9	2	4	2.00846800358825	0.942162206621472
BRX8.9	3	4	1.93561604789497	0.898803583183547
BRX8.9	4	4	1.83610166673402	0.918183218892073
BRX8.9	5	4	1.80795652720204	0.899103662317712
BRX8.9	6	4	1.76295802839389	0.952787821322163
BRX8.9	7	4	1.87756460792229	0.952276419491805
BRX8.9	8	4	2.20129536369209	0.966399253073173
BRX8.9	1	11	1.95198491975366	0.977604235464886
BRX8.9	2	11	1.84909575564404	0.956410257471708
BRX8.9	3	11	1.95329289361461	0.958377355878366
BRX8.9	4	11	2.13076548730114	0.972672013857239
BRX8.9	5	11	2.00318761512709	0.983419271967421
BRX8.9	6	11	1.65692446853751	0.970632813621099
BRX8.9	7	11	1.55569614373777	0.990691506150632
BRX8.9	8	11	2.06137868727949	0.978553593310598
BRX8.9	1	17	1.18331373447717	0.994140300174995
BRX8.9	2	17	1.10789576965931	0.997415130509724
BRX8.9	3	17	1.21886609580613	0.995684942122941
BRX8.9	4	17	1.15437693357571	0.991812557132906
BRX8.9	5	17	1.09070018778611	0.992079958744544
BRX8.9	6	17	1.20536935892253	0.993767280579526
BRX8.9	7	17	1.09785743035401	0.995253657073924
BRX8.9	8	17	0.901666270481868	0.996028465684035
BRX9.1	1	-1	1.82072831193216	0.979263971142363
BRX9.1	2	-1	1.68414931625475	0.980006038509429
BRX9.1	3	-1	1.46844965988956	0.977402185883662
BRX9.1	4	-1	1.4880991818367	0.975965100753767
BRX9.1	5	-1	1.21251856810841	0.971940495620394
BRX9.1	6	-1	1.65267278740864	0.97235266482296
BRX9.1	7	-1	1.51158820985024	0.969393824981999
BRX9.1	8	-1	1.67231488436975	0.984149118867594
BRX9.1	1	4	2.26638013945615	0.96229590732551
BRX9.1	2	4	2.02552537156401	0.96722739014777
BRX9.1	3	4	1.63677567669217	0.940727360232476
BRX9.1	4	4	1.77090297409985	0.9454587417911
BRX9.1	5	4	1.69462929101565	0.933343388021853
BRX9.1	6	4	1.71263039194692	0.959531761178694
BRX9.1	7	4	1.99028032703694	0.966117144277259
BRX9.1	8	4	2.19038500809152	0.98034804731672
BRX9.1	1	11	2.49688420670709	0.976291329357462
BRX9.1	2	11	2.22616910994745	0.97061031524892
BRX9.1	3	11	2.3428000027248	0.978113965438431
BRX9.1	4	11	2.28764433953913	0.987736900313422
BRX9.1	5	11	2.37086607480247	0.986143413897045
BRX9.1	6	11	2.15341619381727	0.989112241967025
BRX9.1	7	11	2.13251407104228	0.9878701482383
BRX9.1	8	11	2.31454382060636	0.983631285919067
BRX9.1	1	17	1.18212461845656	0.991363806656199
BRX9.1	2	17	1.2024674134005	0.996159461786724
BRX9.1	3	17	1.15070466906858	0.995127771710645
BRX9.1	4	17	1.17449826461669	0.995045405124124
BRX9.1	5	17	1.21776485037012	0.993533496489134
BRX9.1	6	17	1.10590128843386	0.996696391750753
BRX9.1	7	17	1.15298586860331	0.994380816072003
BRX9.1	8	17	1.18722238315833	0.991353595331549
MB02u-1	1	-1	1.46552598013862	0.982410962095328
MB02u-1	2	-1	1.62564137570282	0.993760723484496
MB02u-1	3	-1	1.48070318535032	0.991072443995447
MB02u-1	4	-1	1.26848855309021	0.977398722111194
MB02u-1	5	-1	1.61119334705161	0.994262068880773
MB02u-1	6	-1	1.59627909522164	0.99270288419217
MB02u-1	7	-1	1.71532700733346	0.995303417220033
MB02u-1	8	-1	1.68379593556232	0.983665106647166
MB02u-1	1	4	1.95933633589796	0.994615069937267
MB02u-1	2	4	1.80928512905301	0.994034664189737
MB02u-1	3	4	1.72187364274214	0.996244634594292
MB02u-1	4	4	1.63940487595057	0.996988130087305
MB02u-1	5	4	1.7547211210059	0.996014737916409
MB02u-1	6	4	1.76334616311879	0.996890181008174
MB02u-1	7	4	1.8595207550943	0.994256268296887
MB02u-1	8	4	1.81487844734937	0.994625481227754
MB02u-1	1	11	1.73740339223908	0.99257429378845
MB02u-1	2	11	1.69717714001339	0.996580073756881
MB02u-1	3	11	1.53126132161197	0.9839543778342
MB02u-1	4	11	1.32399811626514	0.97148916983065
MB02u-1	5	11	1.48043322848519	0.973064006232781
MB02u-1	6	11	1.63929442984701	0.975291804391757
MB02u-1	7	11	1.80373211262179	0.992403634494624
MB02u-1	8	11	1.89485809914537	0.994771953526766
MB02u-1	1	17	1.36393640886279	0.991764393143818
MB02u-1	2	17	1.32299818660173	0.979790137042596
MB02u-1	3	17	1.12347085979366	0.987237862045765
MB02u-1	4	17	0.980267438303104	0.993025602945946
MB02u-1	5	17	0.979148556619305	0.995390393885184
MB02u-1	6	17	0.984000269905369	0.993303351995056
MB02u-1	7	17	0.867171373854785	0.997095084576971
MB02u-1	8	17	0.902093657136017	0.990320491966795
MB02u-10	1	-1	0.440543659315843	0.877369746509277
MB02u-10	2	-1	0.0931472154252456	0.886209277425096
MB02u-10	3	-1	1.80436015475378	0.988383975067293
MB02u-10	4	-1	1.86415778598743	0.990492424774538
MB02u-10	5	-1	1.77828644957299	0.994621249490782
MB02u-10	6	-1	1.77494133503111	0.99713318636649
MB02u-10	7	-1	1.77758965219598	0.994880455276517
MB02u-10	8	-1	1.47621920065584	0.993022877818347
MB02u-10	1	4	2.03012917294062	0.997617729572972
MB02u-10	2	4	2.13303905736457	0.997078750097108
MB02u-10	3	4	2.12126349904846	0.997240348808482
MB02u-10	4	4	2.13075363555356	0.997015506450141
MB02u-10	5	4	2.07229245630662	0.99740753874449
MB02u-10	6	4	2.11396742281759	0.997509404350952
MB02u-10	7	4	2.06861862432057	0.996952278328216
MB02u-10	8	4	1.95709562364652	0.997878427977072
MB02u-10	1	11	2.25556910862715	0.997651443720713
MB02u-10	2	11	1.94387973662046	0.998176673589866
MB02u-10	3	11	1.7560690303197	0.998750218385953
MB02u-10	4	11	1.73498303089944	0.998445921690943
MB02u-10	5	11	1.62365185998225	0.999194292741328
MB02u-10	6	11	1.71570633874894	0.998885631526729
MB02u-10	7	11	1.83591747184707	0.998646187200485
MB02u-10	8	11	2.06215284620213	0.998185410070445
MB02u-10	1	17	0.222711357245251	0.785226454232096
MB02u-10	2	17	0.23996590752226	0.977350768129282
MB02u-10	3	17	0.47550753964268	0.944155637684443
MB02u-10	4	17	0.344169220647699	0.722922879241434
MB02u-10	5	17	0.154184567441946	0.828472726730309
MB02u-10	6	17	0.260027660333035	0.934021305060847
MB02u-10	7	17	0.264128603090255	0.937176866640444
MB02u-10	8	17	0.162593662936659	0.895702105968163
MB02u-11	1	-1	0.928326713971375	0.997909929560747
MB02u-11	2	-1	1.23291016300675	0.997240511870661
MB02u-11	3	-1	1.52617862592556	0.993246263586478
MB02u-11	4	-1	1.44772407239159	0.991176664837739
MB02u-11	5	-1	1.46665226076255	0.990633187800341
MB02u-11	6	-1	1.4144046645344	0.992518854692317
MB02u-11	7	-1	1.23279675046636	0.997919752704057
MB02u-11	8	-1	1.19607940824758	0.999254648943087
MB02u-11	1	4	2.05522418075581	0.997415622797912
MB02u-11	2	4	1.97869047500547	0.996394685725606
MB02u-11	3	4	1.88946591001736	0.995161690973502
MB02u-11	4	4	1.87690056234765	0.994975624734605
MB02u-11	5	4	1.88912082686904	0.996292305016477
MB02u-11	6	4	1.94874078735247	0.994985200464888
MB02u-11	7	4	1.92429768677873	0.99631545993618
MB02u-11	8	4	1.91178027380345	0.996083556789391
MB02u-11	1	11	1.91172753115719	0.998480325820711
MB02u-11	2	11	1.61126172748805	0.998875904415816
MB02u-11	3	11	1.57053687982637	0.998864660016766
MB02u-11	4	11	1.44345928195718	0.998852929049036
MB02u-11	5	11	1.40857825691143	0.998626100412756
MB02u-11	6	11	1.45488748258115	0.999122152913617
MB02u-11	7	11	1.45876701066262	0.998487020804639
MB02u-11	8	11	1.65210667210578	0.998234524074154
MB02u-11	1	17	0.138158081771095	0.577305434640654
MB02u-11	2	17	0.0935761927759961	0.379278618557137
MB02u-11	3	17	0.148210750504272	0.627793846147792
MB02u-11	4	17	-0.0131018412042108	0.923562616385586
MB02u-11	5	17	0.164966969278753	0.606258535028918
MB02u-11	6	17	0.146893736579201	0.561868955252891
MB02u-11	7	17	0.0841012747445552	0.383775480906958
MB02u-11	8	17	0.0415294139044662	0.26307691694712
MB02u-12	1	-1	1.37862402187063	0.992788780694373
MB02u-12	2	-1	1.3980679948981	0.996568130131175
MB02u-12	3	-1	1.28782839520946	0.996051022909821
MB02u-12	4	-1	1.27438184130369	0.992443089170232
MB02u-12	5	-1	1.38836902324882	0.994698288743358
MB02u-12	6	-1	1.40275128284745	0.984195708711249
MB02u-12	7	-1	1.57897816127052	0.993648325877115
MB02u-12	8	-1	1.38390094509358	0.996096756116181
MB02u-12	1	4	1.93292440990156	0.991094677995193
MB02u-12	2	4	1.71812453086216	0.989356263992052
MB02u-12	3	4	1.55916026488114	0.973268838601221
MB02u-12	4	4	1.39933047497516	0.959728373553503
MB02u-12	5	4	1.63827144011728	0.982538286197134
MB02u-12	6	4	1.57053603339606	0.995857718022309
MB02u-12	7	4	1.6426638419721	0.997938309079995
MB02u-12	8	4	1.73436609845468	0.993016652543837
MB02u-12	1	11	1.36471827610024	0.996282719358138
MB02u-12	2	11	1.73661253218576	0.997673772389812
MB02u-12	3	11	1.61362752252022	0.997339669991559
MB02u-12	4	11	1.67170652499893	0.997169190824706
MB02u-12	5	11	1.76483801250956	0.996470157956661
MB02u-12	6	11	1.57594482977417	0.995394841445774
MB02u-12	7	11	1.5783545665137	0.994221276814976
MB02u-12	8	11	1.60694444640917	0.998880232432024
MB02u-12	1	17	0.833384405173011	0.993307652140411
MB02u-12	2	17	1.09498180237734	0.985172333746803
MB02u-12	3	17	1.26719734102148	0.991127117939482
MB02u-12	4	17	0.430970121793216	0.969025438360144
MB02u-12	5	17	0.28448339228845	0.934223489411758
MB02u-12	6	17	0.226788771695361	0.908912785594257
MB02u-12	7	17	0.255977399502549	0.905527431251938
MB02u-12	8	17	0.135556697952307	0.748529056933963
MB02u-14	1	-1	1.36020324388354	0.993353349181873
MB02u-14	2	-1	1.54124568140338	0.995515907371397
MB02u-14	3	-1	1.56010976762525	0.997906456426272
MB02u-14	4	-1	1.36188433994199	0.995052018391617
MB02u-14	5	-1	1.17439625519123	0.996048681850899
MB02u-14	6	-1	1.3928544627518	0.993749467857633
MB02u-14	7	-1	1.45343274596465	0.990603995579391
MB02u-14	8	-1	1.25322560978254	0.997250778311306
MB02u-14	1	4	2.37304384302665	0.996177937573669
MB02u-14	2	4	2.14348694006537	0.978153177349314
MB02u-14	3	4	1.89679040069905	0.963174739516099
MB02u-14	4	4	1.81354530132058	0.963052723066309
MB02u-14	5	4	1.89729622987419	0.973546284731438
MB02u-14	6	4	1.95067764318503	0.994558463209074
MB02u-14	7	4	2.2740959914719	0.970211037172302
MB02u-14	8	4	2.29394630282292	0.994677482449923
MB02u-14	1	11	2.13048469076607	0.996925020173982
MB02u-14	2	11	2.17160591836766	0.991430762664336
MB02u-14	3	11	1.77961508636664	0.994036773720515
MB02u-14	4	11	1.64256692051682	0.997231098442495
MB02u-14	5	11	1.58221714436771	0.997104816441638
MB02u-14	6	11	1.69388089588313	0.997978062360692
MB02u-14	7	11	1.94719198801276	0.996439257612814
MB02u-14	8	11	1.96209389707447	0.99745753701963
MB02u-14	1	17	0.104721365822088	0.831329979855731
MB02u-14	2	17	0.260198613406957	0.657440389663825
MB02u-14	3	17	0.276078856942857	0.732156665897129
MB02u-14	4	17	0.200659793413216	0.284122832959231
MB02u-14	5	17	0.257964442603703	0.508211953357896
MB02u-14	6	17	0.426235695627944	0.798635791777051
MB02u-14	7	17	0.3380053124974	0.753514954284608
MB02u-14	8	17	0.0974464353712138	0.967466491206069
MB02u-18	1	-1	1.37839415435761	0.996036778531361
MB02u-18	2	-1	1.50554086468927	0.99675529986349
MB02u-18	3	-1	1.32219564497286	0.993923336798728
MB02u-18	4	-1	1.29749446590877	0.993952009699324
MB02u-18	5	-1	1.2715344817265	0.993756616804351
MB02u-18	6	-1	1.51025465526779	0.995742367395751
MB02u-18	7	-1	1.60905612120863	0.991271429819197
MB02u-18	8	-1	1.44244519427365	0.996849554085385
MB02u-18	1	4	1.78254091427117	0.995963379862214
MB02u-18	2	4	1.6164440371674	0.99535286847445
MB02u-18	3	4	1.48839576216819	0.972019938953029
MB02u-18	4	4	1.46510082825703	0.961562767147252
MB02u-18	5	4	1.5076038079699	0.972142407248646
MB02u-18	6	4	1.41502134236335	0.995615527684738
MB02u-18	7	4	1.60163982082474	0.996075704885219
MB02u-18	8	4	1.44320517366471	0.996717067163736
MB02u-18	1	11	1.65440411991221	0.997808844104381
MB02u-18	2	11	1.60123934122069	0.995477916964233
MB02u-18	3	11	1.48034859040579	0.995561511047078
MB02u-18	4	11	1.50626482038717	0.994928948082334
MB02u-18	5	11	1.73216079863056	0.99584679909136
MB02u-18	6	11	1.57319935615	0.997800219266372
MB02u-18	7	11	1.67245555932641	0.99382054150332
MB02u-18	8	11	1.98170895760576	0.998040885592304
MB02u-18	1	17	1.3701564186195	0.994019041326807
MB02u-18	2	17	0.97334796359138	0.991468599444788
MB02u-18	3	17	0.910768720995877	0.982770460949146
MB02u-18	4	17	1.78302565303442	0.576927401907545
MB02u-18	5	17	0.680932015211794	0.982294848053979
MB02u-18	6	17	0.552311303165864	0.990019243009059
MB02u-18	7	17	0.628635444532436	0.976158284397422
MB02u-18	8	17	0.487376215200463	0.992078138212944
MB02u-19	1	-1	1.405277015117	0.990030172550119
MB02u-19	2	-1	1.34457149855945	0.996916110822354
MB02u-19	3	-1	1.5821442726847	0.992181819248516
MB02u-19	4	-1	1.39357250551413	0.989956608899947
MB02u-19	5	-1	1.29433799624282	0.994753298033686
MB02u-19	6	-1	1.40739223434475	0.998102061411227
MB02u-19	7	-1	1.32658042765235	0.998036525069652
MB02u-19	8	-1	1.54018600465397	0.993408348062045
MB02u-19	1	4	1.80828549544555	0.994785723922214
MB02u-19	2	4	1.71311084872449	0.994529144258651
MB02u-19	3	4	1.62618703119896	0.990273283481624
MB02u-19	4	4	1.66680317066288	0.982467780321581
MB02u-19	5	4	1.68468424693177	0.992815712438123
MB02u-19	6	4	1.47998668977663	0.996041894198993
MB02u-19	7	4	1.5882353071306	0.996687791430613
MB02u-19	8	4	1.74074696929637	0.99301762555216
MB02u-19	1	11	1.52345366590827	0.997916717496572
MB02u-19	2	11	1.59744133659811	0.997118466178072
MB02u-19	3	11	1.52519391695413	0.99655798519751
MB02u-19	4	11	1.5280506777662	0.995681456897627
MB02u-19	5	11	1.71952014623064	0.996832757743166
MB02u-19	6	11	1.70365610321475	0.996758233787542
MB02u-19	7	11	1.58941249762384	0.996889459256958
MB02u-19	8	11	1.74983431598267	0.998380047068543
MB02u-19	1	17	0.865241266019425	0.986179092297154
MB02u-19	2	17	0.772650004991117	0.982994007446237
MB02u-19	3	17	1.79972605346713	0.970912096321323
MB02u-19	4	17	0.586065254396357	0.956153453498207
MB02u-19	5	17	0.548865717234766	0.98972574819904
MB02u-19	6	17	0.550194911169624	0.986920003059071
MB02u-19	7	17	0.772893908839719	0.979725241898209
MB02u-19	8	17	0.495927161296153	0.989719808591787
MB02u-6	1	-1	1.51505758188298	0.951845064742019
MB02u-6	2	-1	1.56531610183056	0.947983261387372
MB02u-6	3	-1	1.4409735257123	0.97216579574645
MB02u-6	4	-1	1.00065792956548	0.988699305906843
MB02u-6	5	-1	1.36178243485868	0.996546259790656
MB02u-6	6	-1	1.33097920191449	0.985750390212677
MB02u-6	7	-1	1.28201894745364	0.976153697291374
MB02u-6	8	-1	1.35339247083242	0.991703179041698
MB02u-6	1	4	2.33110109047581	0.996811742467408
MB02u-6	2	4	1.91870185567753	0.99194319184971
MB02u-6	3	4	1.94327748289044	0.991121799752934
MB02u-6	4	4	1.96523454130551	0.99248132454987
MB02u-6	5	4	1.84555579873852	0.992339887068507
MB02u-6	6	4	1.47511544896744	0.987607262504743
MB02u-6	7	4	1.40708704771409	0.993880431388239
MB02u-6	8	4	1.75138791040569	0.992498722007653
MB02u-6	1	11	1.83137113551441	0.998096489778205
MB02u-6	2	11	1.68127247821616	0.997608350708051
MB02u-6	3	11	1.51364442882512	0.974884148028836
MB02u-6	4	11	1.31672324886582	0.950493332036006
MB02u-6	5	11	1.05217155708801	0.914743794949258
MB02u-6	6	11	1.32489302497978	0.969904340762543
MB02u-6	7	11	1.57122510361785	0.999180378644033
MB02u-6	8	11	1.822582213674	0.998796615979516
MB02u-6	1	17	0.642737324583986	0.919306393221403
MB02u-6	2	17	0.0586692869139688	0.675281550287031
MB02u-6	3	17	1.53954761621293	0.692097037143543
MB02u-6	4	17	0.0553375980877466	0.485366077876795
MB02u-6	5	17	0.203074095948853	0.909649661792478
MB02u-6	6	17	0.102657859566871	0.398817323015855
MB02u-6	7	17	0.0315023467109116	0.880714219389196
MB02u-6	8	17	0.123021541070994	0.924879455921791
MB02u-7	1	-1	1.5235480664859	0.998446400817396
MB02u-7	2	-1	1.70179729243093	0.993132033509111
MB02u-7	3	-1	1.71425118355495	0.9961781508848
MB02u-7	4	-1	1.38936664325172	0.997411304780019
MB02u-7	5	-1	1.37837649714431	0.997192765624942
MB02u-7	6	-1	1.41321144490645	0.997092978312311
MB02u-7	7	-1	1.48673331692468	0.995101265892967
MB02u-7	8	-1	1.35547423146995	0.998708812753967
MB02u-7	1	4	2.2875833768055	0.995624575566305
MB02u-7	2	4	2.0834551692432	0.995885927912737
MB02u-7	3	4	1.83650614045578	0.998037771953416
MB02u-7	4	4	1.73289364829403	0.995849352511178
MB02u-7	5	4	1.77825139451825	0.995479367545596
MB02u-7	6	4	1.79956217029938	0.99820142582381
MB02u-7	7	4	2.14910713964252	0.996582914880906
MB02u-7	8	4	2.28651258790233	0.993164389732287
MB02u-7	1	11	1.54180155954615	0.999103643758752
MB02u-7	2	11	1.27979822308483	0.999348583796204
MB02u-7	3	11	1.12140596452035	0.998872438399537
MB02u-7	4	11	0.9863841150904	0.894063461823477
MB02u-7	5	11	0.995498076219981	0.894310281751296
MB02u-7	6	11	0.94880697938684	0.999035374459108
MB02u-7	7	11	0.95167031113154	0.999447765867766
MB02u-7	8	11	1.18971191106157	0.999596666187006
MB02u-7	1	17	0.00271308267315163	0.704258597884945
MB02u-7	2	17	0.120679601287766	0.45961867492116
MB02u-7	3	17	0.215477940222625	0.852405872371146
MB02u-7	4	17	0.256018726067885	0.816067041347832
MB02u-7	5	17	0.120416661607956	0.598866238597028
MB02u-7	6	17	0.148624631138155	0.393045843799242
MB02u-7	7	17	0.14227727249254	0.88807428269555
MB02u-7	8	17	0.00906688232075756	0.390788544357026
MB02u-9	1	-1	1.53698683831997	0.997125365664968
MB02u-9	2	-1	1.66876384112231	0.998990651529207
MB02u-9	3	-1	1.70550708982941	0.997109466631433
MB02u-9	4	-1	1.53530585386567	0.998280182097623
MB02u-9	5	-1	1.50781767529103	0.996902440251618
MB02u-9	6	-1	1.55283914455864	0.998546274256383
MB02u-9	7	-1	1.67313262630482	0.998204086947459
MB02u-9	8	-1	1.67793375520512	0.996759783620651
MB02u-9	1	4	1.8631801644643	0.996951241845819
MB02u-9	2	4	1.74849546006705	0.996790428567959
MB02u-9	3	4	1.66827690010301	0.996991358746485
MB02u-9	4	4	1.61089613281181	0.997716824403404
MB02u-9	5	4	1.64270868341814	0.996405850941929
MB02u-9	6	4	1.70254186411516	0.997243876079319
MB02u-9	7	4	1.81337605141778	0.996021064362933
MB02u-9	8	4	1.83107746941592	0.997629618633911
MB02u-9	1	11	2.03032518326294	0.998250902313734
MB02u-9	2	11	1.84039481387527	0.996200247412235
MB02u-9	3	11	1.63146444213644	0.995528990937184
MB02u-9	4	11	1.28306116184285	0.97336024652176
MB02u-9	5	11	1.29587257826053	0.973702006542547
MB02u-9	6	11	1.43348784451665	0.98953003155769
MB02u-9	7	11	1.73776696728112	0.997921208153835
MB02u-9	8	11	1.86946349996885	0.998796593979979
MB02u-9	1	17	0.289494851715645	0.978159727085527
MB02u-9	2	17	0.645410682326174	0.994228598603936
MB02u-9	3	17	0.698135288825989	0.969693694027518
MB02u-9	4	17	0.469992120213222	0.972404818269906
MB02u-9	5	17	0.388500847566035	0.984648940148246
MB02u-9	6	17	0.333048732457134	0.948615377509335
MB02u-9	7	17	0.461782266153798	0.971506140220874
MB02u-9	8	17	0.231026440721332	0.986039662211365
MB3u-22	1	-1	1.19605296245594	0.998778441703248
MB3u-22	2	-1	1.49116061520648	0.995345082467669
MB3u-22	3	-1	1.16899798208425	0.994128479026031
MB3u-22	4	-1	1.18995794620804	0.993996702031632
MB3u-22	5	-1	1.23668784413388	0.992536113517547
MB3u-22	6	-1	1.20286038128844	0.994348578619083
MB3u-22	7	-1	1.34363705685375	0.994343857018741
MB3u-22	8	-1	1.32768915841815	0.993704385596455
MB3u-22	1	4	2.0399905640671	0.954364421711036
MB3u-22	2	4	1.93099686664589	0.892649260164364
MB3u-22	3	4	1.78544526541205	0.886651010179285
MB3u-22	4	4	1.72412292895451	0.876888542147488
MB3u-22	5	4	1.73100447361795	0.870000648850785
MB3u-22	6	4	1.661027696915	0.863921551689701
MB3u-22	7	4	1.82322896523799	0.885755821898955
MB3u-22	8	4	1.87433726507064	0.889135926156795
MB3u-22	1	11	1.55252353761343	0.976424297007371
MB3u-22	2	11	1.14056973409209	0.997016571301021
MB3u-22	3	11	0.896885392673249	0.998887093735908
MB3u-22	4	11	0.785929195584572	0.99474174850572
MB3u-22	5	11	0.927303762153513	0.96937468162387
MB3u-22	6	11	1.03303353349701	0.976483199599335
MB3u-22	7	11	1.16206490999721	0.970223594805335
MB3u-22	8	11	1.39041999495841	0.977699946993724
MB3u-22	1	17	2.49168924346631	0.921816391447961
MB3u-22	2	17	0.0423444666981049	0.779888569362618
MB3u-22	3	17	0.0666652994367338	0.394146171714058
MB3u-22	4	17	0.155992454799535	0.25618549166976
MB3u-22	5	17	0.00668873602778049	0.612648234906826
MB3u-22	6	17	0.0870918989902828	0.201265471102978
MB3u-22	7	17	0.0801828021128045	0.353385377377675
MB3u-22	8	17	0.121657251598394	0.824679842213666
MB3u-28	1	-1	1.19053526615046	0.997382830817494
MB3u-28	2	-1	1.26422050743828	0.945890990554636
MB3u-28	3	-1	1.28666002297226	0.997552234330131
MB3u-28	4	-1	1.18420442225067	0.997237243377594
MB3u-28	5	-1	1.10600946153771	0.995235165723634
MB3u-28	6	-1	1.22595583553247	0.996981014553171
MB3u-28	7	-1	1.44150451572777	0.994353312489725
MB3u-28	8	-1	1.38917663527603	0.99026568647774
MB3u-28	1	4	2.1544627562232	0.981913083001632
MB3u-28	2	4	1.80631391352919	0.881628431311351
MB3u-28	3	4	1.69188319140322	0.881639323237628
MB3u-28	4	4	1.61376883339948	0.854161163520802
MB3u-28	5	4	1.56041979122143	0.858169848051156
MB3u-28	6	4	1.5308747571612	0.865203272450725
MB3u-28	7	4	1.77568565913637	0.858195730459431
MB3u-28	8	4	1.80959139317282	0.904635374401098
MB3u-28	1	11	1.45215832773902	0.997779360711616
MB3u-28	2	11	1.30575361135767	0.994092298205652
MB3u-28	3	11	1.15415971816541	0.991554852447666
MB3u-28	4	11	1.02173750415134	0.974691130479166
MB3u-28	5	11	0.899915421204418	0.968421334387182
MB3u-28	6	11	1.08535622635143	0.94703990354183
MB3u-28	7	11	1.29974170126385	0.978227639548745
MB3u-28	8	11	1.36075410661267	0.990120785723634
MB3u-28	1	17	0.223637502657107	0.730341032113477
MB3u-28	2	17	0.44215971451456	0.440597081599232
MB3u-28	3	17	0.223061622948388	0.255554616850562
MB3u-28	4	17	0.198979164668742	0.589404542149836
MB3u-28	5	17	0.236418198399405	0.374329103207663
MB3u-28	6	17	0.267203020225215	0.665887410796071
MB3u-28	7	17	0.370147369334344	0.50007529609716
MB3u-28	8	17	0.929065235452201	0.713207321192699
MB3u-4	1	-1	1.49722644811899	0.991787419728598
MB3u-4	2	-1	1.41502851785907	0.998080472003863
MB3u-4	3	-1	1.221749342861	0.993480450643029
MB3u-4	4	-1	1.34575833754733	0.994943408537824
MB3u-4	5	-1	1.21431652749136	0.997706196398583
MB3u-4	6	-1	1.39943995674322	0.997180823548641
MB3u-4	7	-1	1.19860671132863	0.994373831553345
MB3u-4	8	-1	1.61046958440152	0.993020653301349
MB3u-4	1	4	1.56950741737576	0.994217952609054
MB3u-4	2	4	1.48835799446584	0.996418018444389
MB3u-4	3	4	1.38564148612044	0.994536053059705
MB3u-4	4	4	1.44647762842325	0.996771253401246
MB3u-4	5	4	1.46165939205266	0.996926568229541
MB3u-4	6	4	1.46628109474366	0.995910368847025
MB3u-4	7	4	1.45734122121489	0.995406370499195
MB3u-4	8	4	1.40805836201897	0.998366667145321
MB3u-4	1	11	1.59044437824615	0.996553835336209
MB3u-4	2	11	1.23669072990865	0.998720647796667
MB3u-4	3	11	1.27083439595005	0.997371301764164
MB3u-4	4	11	1.29797672193959	0.99856988048241
MB3u-4	5	11	1.05283730488794	0.999180138983169
MB3u-4	6	11	1.08553281507536	0.999015523636626
MB3u-4	7	11	1.38621861461167	0.998823337979389
MB3u-4	8	11	1.33016124697517	0.998435382518847
MB3u-4	1	17	0.208163266975776	0.937261157292187
MB3u-4	2	17	0.422579919715728	0.797688843630356
MB3u-4	3	17	0.276124440656032	0.774311629930674
MB3u-4	4	17	0.337801270270539	0.704200526214245
MB3u-4	5	17	0.322636253209166	0.857281652603529
MB3u-4	6	17	0.304302249121387	0.80136827510999
MB3u-4	7	17	0.421895339080134	0.950771717867765
MB3u-4	8	17	0.337074210298601	0.908013554118134
MB3u-41	1	-1	1.38673725761044	0.993540415512903
MB3u-41	2	-1	1.48168044598866	0.979235132621282
MB3u-41	3	-1	1.49251852121135	0.98390967780328
MB3u-41	4	-1	1.76123458473518	0.985122359926535
MB3u-41	5	-1	1.57083040451972	0.988817313607726
MB3u-41	6	-1	1.62173975414514	0.980629440980692
MB3u-41	7	-1	1.46668717346633	0.993373962424304
MB3u-41	8	-1	1.3578402178855	0.994338119841541
MB3u-41	1	4	2.07210046885002	0.980320150935625
MB3u-41	2	4	1.85316352047494	0.873814384855054
MB3u-41	3	4	1.70058284220048	0.88297965267143
MB3u-41	4	4	1.48164939071509	0.84946612670924
MB3u-41	5	4	1.56623860839569	0.870335208031509
MB3u-41	6	4	1.50577532475132	0.888696636432544
MB3u-41	7	4	1.81179402902142	0.866808126467573
MB3u-41	8	4	1.98927978034033	0.899233160911193
MB3u-41	1	11	1.65961009113929	0.998554470025491
MB3u-41	2	11	1.15718308178258	0.995269318662669
MB3u-41	3	11	1.05253487127567	0.995003806543126
MB3u-41	4	11	0.994813130348892	0.989256443952945
MB3u-41	5	11	0.845150213241673	0.997058790285215
MB3u-41	6	11	0.888215876483275	0.998026725655259
MB3u-41	7	11	1.12534144873675	0.996987210171525
MB3u-41	8	11	1.54135660806918	0.992062222120572
MB3u-41	1	17	0.159371069158136	0.705622678012979
MB3u-41	2	17	0.139291223381919	0.538358183129724
MB3u-41	3	17	0.26042102178864	0.659516260961011
MB3u-41	4	17	0.190066248488517	0.158553604142222
MB3u-41	5	17	0.309700993944478	0.720724087521581
MB3u-41	6	17	0.218879350099294	0.580334820069278
MB3u-41	7	17	0.355073209880937	0.831451935842377
MB3u-41	8	17	0.247811683438209	0.837101381760018
MB3u-43	1	-1	1.38074331623615	0.994994656457825
MB3u-43	2	-1	1.609767688884	0.989046588694285
MB3u-43	3	-1	1.49372143548713	0.994044308465469
MB3u-43	4	-1	1.41481408026116	0.993109916269824
MB3u-43	5	-1	1.36689143061581	0.99270201895336
MB3u-43	6	-1	1.53102576482354	0.996739526069028
MB3u-43	7	-1	1.50026031921668	0.993406565463206
MB3u-43	8	-1	1.41052128109227	0.993761512376887
MB3u-43	1	4	1.65246285720304	0.9624066332994
MB3u-43	2	4	1.73252053229002	0.873401628504186
MB3u-43	3	4	1.70633913208885	0.868649401930366
MB3u-43	4	4	1.38011861620624	0.841564152252489
MB3u-43	5	4	1.50783025281081	0.861485641438276
MB3u-43	6	4	1.53060646868791	0.863604022897692
MB3u-43	7	4	1.58273210171071	0.851509528099801
MB3u-43	8	4	1.55495487213302	0.925335963991431
MB3u-43	1	11	1.57071087061292	0.997658715531236
MB3u-43	2	11	1.55159782574058	0.997479505948842
MB3u-43	3	11	1.43603420816654	0.996936223748549
MB3u-43	4	11	1.51934003649664	0.997872800922315
MB3u-43	5	11	1.4774801622522	0.997074671591259
MB3u-43	6	11	1.47042879761396	0.995485471743623
MB3u-43	7	11	1.50335039590391	0.997144374571409
MB3u-43	8	11	1.65751433710099	0.998794259602443
MB3u-43	1	17	0.815542024367607	0.986980926050048
MB3u-43	2	17	0.698989460829999	0.989059950081945
MB3u-43	3	17	0.624715335874814	0.971941356158813
MB3u-43	4	17	0.52585994508787	0.981928929792297
MB3u-43	5	17	0.616069923034194	0.98795322176852
MB3u-43	6	17	2.30580875026847	0.891115625010723
MB3u-43	7	17	0.588016752919409	0.970545767702718
MB3u-43	8	17	0.473570226969243	0.985737429445327
MB3u-45	1	-1	1.35737387471672	0.997755626375567
MB3u-45	2	-1	1.40134186573868	0.996493000654062
MB3u-45	3	-1	1.24768194645983	0.997341688358646
MB3u-45	4	-1	1.3065569621862	0.99702128045418
MB3u-45	5	-1	1.13966129337824	0.995521247128781
MB3u-45	6	-1	1.26095991947598	0.997224676621132
MB3u-45	7	-1	1.35476974020568	0.994588190678239
MB3u-45	8	-1	1.2813929992858	0.99849898253943
MB3u-45	1	4	1.62433082203969	0.945103911730694
MB3u-45	2	4	1.67481119832572	0.863115206260755
MB3u-45	3	4	1.57148682445874	0.850104858372368
MB3u-45	4	4	1.50603512069474	0.858982217609607
MB3u-45	5	4	1.51220605654189	0.863846824465752
MB3u-45	6	4	1.64498251831303	0.862934185963032
MB3u-45	7	4	1.5847042969466	0.863427727320454
MB3u-45	8	4	1.75612629619148	0.919557794535265
MB3u-45	1	11	1.72484737067255	0.988953385277737
MB3u-45	2	11	1.6777249781651	0.993360750434182
MB3u-45	3	11	1.74970516051449	0.992465115379968
MB3u-45	4	11	1.68359587721576	0.986555482962332
MB3u-45	5	11	1.60174986414238	0.987336116956362
MB3u-45	6	11	1.77023271367985	0.987853845749691
MB3u-45	7	11	1.74984904489371	0.990738114791842
MB3u-45	8	11	1.7953933899992	0.993598793885132
MB3u-45	1	17	0.656852014033826	0.984419098599647
MB3u-45	2	17	0.707546412166625	0.987248190721085
MB3u-45	3	17	0.593625947310318	0.95690019378289
MB3u-45	4	17	0.586622804190551	0.969109561888747
MB3u-45	5	17	0.454038996749236	0.964498924363703
MB3u-45	6	17	0.450439439823101	0.975161211628689
MB3u-45	7	17	0.383557257816928	0.951123634829819
MB3u-45	8	17	0.563564522493632	0.985054868260475
MB3u-55	1	-1	1.00838039181378	0.998140292797261
MB3u-55	2	-1	1.08903785235693	0.962818437033595
MB3u-55	3	-1	1.07827436702141	0.989822837742907
MB3u-55	4	-1	1.08390401979572	0.997952582844976
MB3u-55	5	-1	1.09270210752493	0.992955074041222
MB3u-55	6	-1	1.0802573701387	0.985813488212177
MB3u-55	7	-1	1.0319059977276	0.996773670097091
MB3u-55	8	-1	1.05784182691313	0.998003625880799
MB3u-55	1	4	2.19644433639301	0.997462055394838
MB3u-55	2	4	1.98787985238013	0.997709013283141
MB3u-55	3	4	1.94058806071132	0.976214159748264
MB3u-55	4	4	1.89982027222066	0.962888125499012
MB3u-55	5	4	1.89904751703597	0.966981286239286
MB3u-55	6	4	1.8833853713449	0.978550082899658
MB3u-55	7	4	1.93395945969506	0.997617142473166
MB3u-55	8	4	1.90343633656526	0.998357743881503
MB3u-55	1	11	2.56004777060367	0.990927826906396
MB3u-55	2	11	2.38718121078092	0.990847787912752
MB3u-55	3	11	2.35882914777576	0.989992635082426
MB3u-55	4	11	2.38224576879148	0.98579860161445
MB3u-55	5	11	2.42247290277507	0.989483335094467
MB3u-55	6	11	2.28081292931162	0.993986000309113
MB3u-55	7	11	2.38096752923666	0.992630789817081
MB3u-55	8	11	2.65800148398051	0.993311387535989
MB3u-55	1	17	0.577440638895184	0.993941367038156
MB3u-55	2	17	0.503961188287137	0.997583546164893
MB3u-55	3	17	0.608054832712339	0.989357589480966
MB3u-55	4	17	0.607489834706216	0.996633669378332
MB3u-55	5	17	0.410788905733441	0.99523346442223
MB3u-55	6	17	0.330680823191213	0.996357114530796
MB3u-55	7	17	0.252254310090823	0.996183675226083
MB3u-55	8	17	0.306854307834843	0.978267853868361
MB3u-64	1	-1	1.2356611886638	0.996599686983698
MB3u-64	2	-1	1.30975752342376	0.995324360756429
MB3u-64	3	-1	1.0768283691011	0.99647197133058
MB3u-64	4	-1	1.02874370315548	0.994415266677596
MB3u-64	5	-1	1.05617006891114	0.994982999958344
MB3u-64	6	-1	1.04690714121431	0.996752371598324
MB3u-64	7	-1	1.20695249861373	0.997418980727784
MB3u-64	8	-1	1.37937463582485	0.991331789538744
MB3u-64	1	4	2.08839036778744	0.997314037186361
MB3u-64	2	4	1.97671873976846	0.970937759120397
MB3u-64	3	4	1.77054585487054	0.951560908898855
MB3u-64	4	4	1.7162943148734	0.942247640813592
MB3u-64	5	4	1.74653194554958	0.942342415668927
MB3u-64	6	4	1.74369175166274	0.944366475762011
MB3u-64	7	4	1.98969454902753	0.960073629597879
MB3u-64	8	4	1.78931833526482	0.996265488997158
MB3u-64	1	11	1.44136872994788	0.998389058631511
MB3u-64	2	11	0.939413470107065	0.995526170013641
MB3u-64	3	11	0.696123762322069	0.99498337440278
MB3u-64	4	11	0.870945349762061	0.996909846776847
MB3u-64	5	11	0.813618449900789	0.995153226951227
MB3u-64	6	11	0.817025443271528	0.99275478432694
MB3u-64	7	11	0.736352031075415	0.986472064728099
MB3u-64	8	11	0.924916860763521	0.984627611278524
MB3u-64	1	17	0.0919682616095182	0.665064118474218
MB3u-64	2	17	0.0290344703204518	0.428619807455946
MB3u-64	3	17	0.787372723504968	0.840461195426076
MB3u-64	4	17	0.685030079891959	0.858077461743164
MB3u-64	5	17	0.84643210055564	0.883078952472484
MB3u-64	6	17	0.949726991084466	0.906390230743093
MB3u-64	7	17	0.922130929032165	0.872742533908096
MB3u-64	8	17	0.0493401737982697	0.590326458525049
MB3u-70	1	-1	1.2993903791321	0.992293527128428
MB3u-70	2	-1	1.05997334394495	0.985252693060168
MB3u-70	3	-1	1.1315401020236	0.993190736362423
MB3u-70	4	-1	1.06503061207396	0.994078276154638
MB3u-70	5	-1	1.04708256951507	0.992825236597639
MB3u-70	6	-1	1.00150292246958	0.995722285241987
MB3u-70	7	-1	1.25377951131022	0.99458519952258
MB3u-70	8	-1	1.14362255053293	0.9961243619379
MB3u-70	1	4	1.85860191580334	0.998188615721887
MB3u-70	2	4	1.73882682934997	0.997602849748389
MB3u-70	3	4	1.52651717637497	0.94513043935408
MB3u-70	4	4	1.14330643141122	0.926374877220005
MB3u-70	5	4	1.16601063171331	0.926682253530055
MB3u-70	6	4	1.49712804624451	0.946082366861294
MB3u-70	7	4	1.62497724002116	0.96253462202546
MB3u-70	8	4	1.55180394799251	0.998276357428245
MB3u-70	1	11	1.61712245348987	0.995538961103909
MB3u-70	2	11	1.57784096447807	0.987109029415121
MB3u-70	3	11	1.34257340048495	0.994137474261449
MB3u-70	4	11	1.06640085828348	0.994554082667416
MB3u-70	5	11	1.25691228021338	0.992503419224661
MB3u-70	6	11	1.24481352815935	0.990240138620035
MB3u-70	7	11	1.44076429846553	0.995519913351963
MB3u-70	8	11	1.67778394494159	0.996152505944211
MB3u-70	1	17	0.178048965189092	0.796415191921201
MB3u-70	2	17	0.185343475608596	0.918559503507059
MB3u-70	3	17	0.349874545158264	0.776756101702843
MB3u-70	4	17	0.682371262342207	0.856685167579268
MB3u-70	5	17	0.919291579056553	0.867082595066494
MB3u-70	6	17	0.796189806487151	0.878302788139798
MB3u-70	7	17	0.218661278339099	0.697043130540357
MB3u-70	8	17	0.0735619625958759	0.815313922947069
MB3u-8	1	-1	1.3299963317151	0.998964353262126
MB3u-8	2	-1	1.35438262693162	0.999024471334896
MB3u-8	3	-1	1.47327966756621	0.99892755995983
MB3u-8	4	-1	1.46661531325866	0.999152398284243
MB3u-8	5	-1	1.48928671949322	0.998728035825538
MB3u-8	6	-1	1.37833198253037	0.999125639924026
MB3u-8	7	-1	1.36582161676213	0.998704708822975
MB3u-8	8	-1	1.28122186567412	0.998296922280884
MB3u-8	1	4	1.4896350409863	0.997480887153315
MB3u-8	2	4	1.49593024445479	0.869933673856339
MB3u-8	3	4	1.54558571588234	0.875411582555785
MB3u-8	4	4	1.44963207012543	0.879972916237113
MB3u-8	5	4	1.42712151619174	0.870605601974555
MB3u-8	6	4	1.39499788152403	0.871266343947088
MB3u-8	7	4	1.39710599021257	0.881814060839051
MB3u-8	8	4	1.40958589836755	0.994874982360718
MB3u-8	1	11	1.75673438675128	0.99875722839953
MB3u-8	2	11	1.68290944341448	0.997837628757232
MB3u-8	3	11	1.67024725696449	0.997307727222539
MB3u-8	4	11	1.71121956673362	0.99782826323015
MB3u-8	5	11	1.67055766366709	0.997920788852438
MB3u-8	6	11	1.60439641260638	0.994088784742989
MB3u-8	7	11	1.69459719448366	0.996233819650801
MB3u-8	8	11	1.82031388316479	0.998672245575341
MB3u-8	1	17	0.427473357679455	0.978219779525625
MB3u-8	2	17	0.392342199485893	0.980870242001068
MB3u-8	3	17	0.451078377912427	0.98996620007922
MB3u-8	4	17	0.490802528320977	0.974815517798219
MB3u-8	5	17	0.516918503861511	0.987600348581768
MB3u-8	6	17	0.444459387985	0.973216548240369
MB3u-8	7	17	0.382125960500531	0.976640918290681
MB3u-8	8	17	0.308818788224475	0.977542283683229
